<?xml version="1.0" encoding="UTF-8"?>
<LightningComponentBundle xmlns="http://soap.sforce.com/2006/04/metadata">
    <!-- The apiVersion may need to be increased for the current release -->
    <apiVersion>52.0</apiVersion>
    <isExposed>true</isExposed>
    <masterLabel>Order Products Container</masterLabel>
    <targets>
        <target>lightning__AppPage</target>
        <target>lightning__RecordPage</target>
        <target>lightning__HomePage</target>
    </targets>
</LightningComponentBundle>